{
  "annual_income": 213583.98,
  "annual_expenses": 206134.4,
  "annual_net": 7449.580000000016,
  "avg_monthly_expenses": 17177.866666666665,
  "months_deficit": 6,
  "months_surplus": 6,
  "buffer_lowest": 2378.08,
  "buffer_highest": 11176.01,
  "total_tobacco": 7800,
  "total_savings": 17846,
  "total_investments": 297
}